{"bottle":{"pixel_auroc":0.9287018776,"pixel_ap":0.6044507623,"pixel_aupro":0.8570804713,"pixel_f1":0.5639714053,"image_auroc":0.8547619048,"image_ap":0.95798634,"image_f1":0.8709677419},"cable":{"pixel_auroc":0.862796545,"pixel_ap":0.4351963997,"pixel_aupro":0.7914361936,"pixel_f1":0.5030494406,"image_auroc":0.8480134933,"image_ap":0.9137516616,"image_f1":0.8315789474},"capsule":{"pixel_auroc":0.9340975285,"pixel_ap":0.4036611319,"pixel_aupro":0.9174260027,"pixel_f1":0.4542104982,"image_auroc":0.7088153171,"image_ap":0.9301332548,"image_f1":0.9121338912},"carpet":{"pixel_auroc":0.994235754,"pixel_ap":0.7248267531,"pixel_aupro":0.9799056145,"pixel_f1":0.6902969612,"image_auroc":0.9618780096,"image_ap":0.9897005667,"image_f1":0.9540229885},"grid":{"pixel_auroc":0.9911368489,"pixel_ap":0.3311044276,"pixel_aupro":0.9594936633,"pixel_f1":0.4496237557,"image_auroc":0.9456975773,"image_ap":0.9802900427,"image_f1":0.9421487603},"hazelnut":{"pixel_auroc":0.9753292799,"pixel_ap":0.4880985022,"pixel_aupro":0.9211183268,"pixel_f1":0.5191603562,"image_auroc":0.9642857143,"image_ap":0.9807238741,"image_f1":0.9343065693},"leather":{"pixel_auroc":0.9887721539,"pixel_ap":0.2489275038,"pixel_aupro":0.9677369587,"pixel_f1":0.3589689084,"image_auroc":1.0,"image_ap":1.0,"image_f1":1.0},"metal_nut":{"pixel_auroc":0.7938634753,"pixel_ap":0.3537378907,"pixel_aupro":0.8003892557,"pixel_f1":0.3878937285,"image_auroc":0.8797653959,"image_ap":0.9675019426,"image_f1":0.9278350515},"pill":{"pixel_auroc":0.7580462694,"pixel_ap":0.2570363283,"pixel_aupro":0.8655171157,"pixel_f1":0.2770072709,"image_auroc":0.794599018,"image_ap":0.9560647204,"image_f1":0.9185667752},"screw":{"pixel_auroc":0.9746236205,"pixel_ap":0.3283982575,"pixel_aupro":0.9182135929,"pixel_f1":0.401556103,"image_auroc":0.7868415659,"image_ap":0.9149426934,"image_f1":0.8686131387},"tile":{"pixel_auroc":0.9102160931,"pixel_ap":0.4723529816,"pixel_aupro":0.8677259283,"pixel_f1":0.6248028763,"image_auroc":0.9996392496,"image_ap":0.999859944,"image_f1":0.9940828402},"toothbrush":{"pixel_auroc":0.9120160341,"pixel_ap":0.2386339605,"pixel_aupro":0.9059931528,"pixel_f1":0.3205291436,"image_auroc":0.5194444444,"image_ap":0.7857002951,"image_f1":0.8333333333},"transistor":{"pixel_auroc":0.7217512131,"pixel_ap":0.1505061537,"pixel_aupro":0.5728685659,"pixel_f1":0.179545056,"image_auroc":0.8216666667,"image_ap":0.7818173394,"image_f1":0.7126436782},"wood":{"pixel_auroc":0.95399189,"pixel_ap":0.5258285403,"pixel_aupro":0.945452837,"pixel_f1":0.6143859339,"image_auroc":0.9833333333,"image_ap":0.9950216581,"image_f1":0.9593495935},"zipper":{"pixel_auroc":0.9656271935,"pixel_ap":0.5669594407,"pixel_aupro":0.895517475,"pixel_f1":0.5665019145,"image_auroc":0.8991596639,"image_ap":0.9737784418,"image_f1":0.9082969432},"mean":{"pixel_auroc":0.9110137184,"pixel_ap":0.4086479356,"pixel_aupro":0.8777250103,"pixel_f1":0.4607668902,"image_auroc":0.8645267569,"image_ap":0.941818185,"image_f1":0.9045253502}}