{"candle":{"pixel_auroc":0.9690572023,"pixel_ap":0.2978084087,"pixel_aupro":0.9493732821,"pixel_f1":0.4192190703,"image_auroc":0.8688,"image_ap":0.9081794762,"image_f1":0.8241758242},"capsules":{"pixel_auroc":0.7449039221,"pixel_ap":0.1609604955,"pixel_aupro":0.7457298468,"pixel_f1":0.2447985731,"image_auroc":0.928,"image_ap":0.9642228352,"image_f1":0.9072164948},"cashew":{"pixel_auroc":0.5510019064,"pixel_ap":0.1376609802,"pixel_aupro":0.8910175417,"pixel_f1":0.2561776103,"image_auroc":0.9092,"image_ap":0.9593386171,"image_f1":0.8955223881},"chewinggum":{"pixel_auroc":0.9626253247,"pixel_ap":0.5704516172,"pixel_aupro":0.8016888939,"pixel_f1":0.6468693271,"image_auroc":0.9748,"image_ap":0.9898354484,"image_f1":0.9641025641},"fryum":{"pixel_auroc":0.642020762,"pixel_ap":0.1556332111,"pixel_aupro":0.7541334834,"pixel_f1":0.2896301534,"image_auroc":0.9516,"image_ap":0.9786560967,"image_f1":0.9117647059},"macaroni1":{"pixel_auroc":0.9523123503,"pixel_ap":0.1435508728,"pixel_aupro":0.8212376342,"pixel_f1":0.2535344312,"image_auroc":0.6444,"image_ap":0.6976163315,"image_f1":0.6788321168},"macaroni2":{"pixel_auroc":0.9530913234,"pixel_ap":0.0083194003,"pixel_aupro":0.7262234134,"pixel_f1":0.0338270251,"image_auroc":0.6192,"image_ap":0.6102534795,"image_f1":0.6851211073},"pcb1":{"pixel_auroc":0.8599291444,"pixel_ap":0.062341135,"pixel_aupro":0.6589286076,"pixel_f1":0.1307600717,"image_auroc":0.69,"image_ap":0.7707423633,"image_f1":0.6666666667},"pcb2":{"pixel_auroc":0.9088943601,"pixel_ap":0.092958495,"pixel_aupro":0.7418719811,"pixel_f1":0.1584898429,"image_auroc":0.6753,"image_ap":0.7071124536,"image_f1":0.6877192982},"pcb3":{"pixel_auroc":0.8390315175,"pixel_ap":0.0288706869,"pixel_aupro":0.7942791146,"pixel_f1":0.0748700455,"image_auroc":0.6040594059,"image_ap":0.6279500127,"image_f1":0.6711409396},"pcb4":{"pixel_auroc":0.9553998709,"pixel_ap":0.3524842858,"pixel_aupro":0.896510473,"pixel_f1":0.3945001292,"image_auroc":0.9527722772,"image_ap":0.9560011042,"image_f1":0.8855721393},"pipe_fryum":{"pixel_auroc":0.8253003359,"pixel_ap":0.1262085885,"pixel_aupro":0.9312491394,"pixel_f1":0.2419980735,"image_auroc":0.9158,"image_ap":0.9627157173,"image_f1":0.8932038835},"mean":{"pixel_auroc":0.8469640017,"pixel_ap":0.1781040148,"pixel_aupro":0.8093536176,"pixel_f1":0.2620561961,"image_auroc":0.8111609736,"image_ap":0.844385328,"image_f1":0.805919844}}