{"bottle":{"pixel_auroc":0.9280412197,"pixel_ap":0.6020332575,"pixel_aupro":0.855312978,"pixel_f1":0.5615854278,"image_auroc":0.8547619048,"image_ap":0.9579224471,"image_f1":0.8666666667},"cable":{"pixel_auroc":0.8614344001,"pixel_ap":0.4372027516,"pixel_aupro":0.7919861146,"pixel_f1":0.5056266676,"image_auroc":0.8497001499,"image_ap":0.914996675,"image_f1":0.8315789474},"capsule":{"pixel_auroc":0.9345702529,"pixel_ap":0.4032464027,"pixel_aupro":0.9176412055,"pixel_f1":0.4538028283,"image_auroc":0.7076186677,"image_ap":0.9299102915,"image_f1":0.9121338912},"carpet":{"pixel_auroc":0.9942349195,"pixel_ap":0.7249774933,"pixel_aupro":0.9798892026,"pixel_f1":0.6903824023,"image_auroc":0.9618780096,"image_ap":0.9897005667,"image_f1":0.9540229885},"grid":{"pixel_auroc":0.9911302924,"pixel_ap":0.3310063481,"pixel_aupro":0.9595122644,"pixel_f1":0.4498274666,"image_auroc":0.9482038429,"image_ap":0.9812040163,"image_f1":0.9421487603},"hazelnut":{"pixel_auroc":0.9751826525,"pixel_ap":0.4880768657,"pixel_aupro":0.9208672196,"pixel_f1":0.5190594242,"image_auroc":0.9642857143,"image_ap":0.9806121735,"image_f1":0.9352517986},"leather":{"pixel_auroc":0.9887805581,"pixel_ap":0.249365449,"pixel_aupro":0.9677235324,"pixel_f1":0.3592093758,"image_auroc":1.0,"image_ap":1.0,"image_f1":1.0},"metal_nut":{"pixel_auroc":0.7971616387,"pixel_ap":0.355832994,"pixel_aupro":0.8007670529,"pixel_f1":0.391217902,"image_auroc":0.8797653959,"image_ap":0.967583578,"image_f1":0.9270833333},"pill":{"pixel_auroc":0.7559810877,"pixel_ap":0.2564615309,"pixel_aupro":0.8645907863,"pixel_f1":0.2772311363,"image_auroc":0.7935079105,"image_ap":0.9557654197,"image_f1":0.9185667752},"screw":{"pixel_auroc":0.9747012854,"pixel_ap":0.3282551765,"pixel_aupro":0.9182688327,"pixel_f1":0.4017493335,"image_auroc":0.7886862062,"image_ap":0.9155445744,"image_f1":0.8686131387},"tile":{"pixel_auroc":0.9110165238,"pixel_ap":0.4730439186,"pixel_aupro":0.8684358971,"pixel_f1":0.6251618813,"image_auroc":0.9996392496,"image_ap":0.999859944,"image_f1":0.9940828402},"toothbrush":{"pixel_auroc":0.9133089781,"pixel_ap":0.2385542095,"pixel_aupro":0.9057499773,"pixel_f1":0.3206430398,"image_auroc":0.5277777778,"image_ap":0.7923769518,"image_f1":0.8333333333},"transistor":{"pixel_auroc":0.7204560637,"pixel_ap":0.1497937143,"pixel_aupro":0.5721091727,"pixel_f1":0.1781887147,"image_auroc":0.8183333333,"image_ap":0.778857539,"image_f1":0.7126436782},"wood":{"pixel_auroc":0.9542531371,"pixel_ap":0.5261425972,"pixel_aupro":0.9452787087,"pixel_f1":0.6144471451,"image_auroc":0.9824561404,"image_ap":0.9947777758,"image_f1":0.958677686},"zipper":{"pixel_auroc":0.9637897611,"pixel_ap":0.5622317791,"pixel_aupro":0.8917819402,"pixel_f1":0.5645320913,"image_auroc":0.8981092437,"image_ap":0.9734347036,"image_f1":0.9090909091},"mean":{"pixel_auroc":0.9109361847,"pixel_ap":0.4084149659,"pixel_aupro":0.877327659,"pixel_f1":0.4608443225,"image_auroc":0.8649815698,"image_ap":0.9421697771,"image_f1":0.9042596498}}