{"candle":{"pixel_auroc":0.9684609771,"pixel_ap":0.2965768576,"pixel_aupro":0.9493559489,"pixel_f1":0.4186046512,"image_auroc":0.8698,"image_ap":0.9087736182,"image_f1":0.8253968254},"capsules":{"pixel_auroc":0.7371014357,"pixel_ap":0.1593080461,"pixel_aupro":0.7416113527,"pixel_f1":0.2434701204,"image_auroc":0.928,"image_ap":0.9644021887,"image_f1":0.9072164948},"cashew":{"pixel_auroc":0.5549278855,"pixel_ap":0.1386521459,"pixel_aupro":0.8920631179,"pixel_f1":0.2560169757,"image_auroc":0.9088,"image_ap":0.9592445364,"image_f1":0.8955223881},"chewinggum":{"pixel_auroc":0.9627690911,"pixel_ap":0.5698136091,"pixel_aupro":0.8020881987,"pixel_f1":0.6462692951,"image_auroc":0.975,"image_ap":0.9898944824,"image_f1":0.9641025641},"fryum":{"pixel_auroc":0.6498682499,"pixel_ap":0.1591783911,"pixel_aupro":0.7588082666,"pixel_f1":0.2927934567,"image_auroc":0.9504,"image_ap":0.9781455572,"image_f1":0.9090909091},"macaroni1":{"pixel_auroc":0.9519691467,"pixel_ap":0.1434957236,"pixel_aupro":0.8207101416,"pixel_f1":0.2537981466,"image_auroc":0.6438,"image_ap":0.6972555722,"image_f1":0.6788321168},"macaroni2":{"pixel_auroc":0.9528925419,"pixel_ap":0.0082961768,"pixel_aupro":0.7255467611,"pixel_f1":0.0337580772,"image_auroc":0.6189,"image_ap":0.6101692546,"image_f1":0.6829268293},"pcb1":{"pixel_auroc":0.8594016433,"pixel_ap":0.0610498898,"pixel_aupro":0.6547932582,"pixel_f1":0.1280760835,"image_auroc":0.6828,"image_ap":0.7634221856,"image_f1":0.6666666667},"pcb2":{"pixel_auroc":0.9083738923,"pixel_ap":0.0919275731,"pixel_aupro":0.7406197287,"pixel_f1":0.1575905285,"image_auroc":0.6736,"image_ap":0.7057191541,"image_f1":0.6896551724},"pcb3":{"pixel_auroc":0.8401026726,"pixel_ap":0.0286834594,"pixel_aupro":0.7939812059,"pixel_f1":0.0740798763,"image_auroc":0.6043564356,"image_ap":0.6283314243,"image_f1":0.6711409396},"pcb4":{"pixel_auroc":0.9556081891,"pixel_ap":0.3527804017,"pixel_aupro":0.8962736075,"pixel_f1":0.394530778,"image_auroc":0.9533663366,"image_ap":0.9564395864,"image_f1":0.8855721393},"pipe_fryum":{"pixel_auroc":0.8206321597,"pixel_ap":0.1248307377,"pixel_aupro":0.9305749308,"pixel_f1":0.2404720351,"image_auroc":0.9178,"image_ap":0.9634310764,"image_f1":0.8934010152},"mean":{"pixel_auroc":0.8468423237,"pixel_ap":0.177882751,"pixel_aupro":0.8088688765,"pixel_f1":0.2616216687,"image_auroc":0.8105518977,"image_ap":0.843769053,"image_f1":0.8057936717}}